<?xml version="1.0" encoding="UTF-8" standalone="yes"?>
<addon id="plugin.video.vbox7" name="VBOX7" version="0.2.1" provider-name="steven, gonev">
  <requires>
    <import addon="xbmc.python" version="1.1"/>
  </requires>
  <extension point="xbmc.python.pluginsource" library="default.py">
        <provides>video</provides>
  </extension>
  <extension point="xbmc.addon.metadata">
    <platform>all</platform>
    <summary>vbox7 video plugin</summary>
    <description>Simple plugin for watching videos from vbox7.com</description>
    <disclaimer>Some parts of this addon may not be legal in your country of residence - please check with your local laws before installing.</disclaimer>
  </extension>
</addon>
