<?xml version="1.0" encoding="UTF-8" standalone="yes"?>
<addon id="plugin.video.kolibka" name="Kolibka" version="0.0.2" provider-name="gonev">
  <requires>
    <import addon="xbmc.python" version="2.1.0"/>
  </requires>
  <extension point="xbmc.python.pluginsource" library="default.py">
        <provides>video</provides>
  </extension>
  <extension point="xbmc.addon.metadata">
    <platform>all</platform>
    <summary>Kolibka video plugin</summary>
    <description>Simple plugin for watching videos from kolibka.com</description>
    <disclaimer>Some parts of this addon may not be legal in your country of residence - please check with your local laws before installing.</disclaimer>
  </extension>
</addon>
