﻿<?xml version="1.0" encoding="UTF-8" standalone="yes"?>
  <addon id="repository.bulgarian.addons" name="Bulgarian addons repo" version="0.0.1" provider-name="gonev">
    <extension point="xbmc.addon.repository" name="Bulgarian addons repo">
    <info>https://raw.githubusercontent.com/gonev/repository.bulgaria.addons/master/addons.xml</info>
    <checksum>https://raw.githubusercontent.com/gonev/repository.bulgaria.addons/master/addons.xml.md5</checksum>
    <datadir zip="true">https://github.com/gonev/repository.bulgaria.addons</datadir>
    </extension>
    <extension point="xbmc.addon.metadata">
    <summary lang="en">Bulgarian addons repo, by gonev.</summary>
		<description lang="en">All Bulgarian addons for XBMC and KODI in one place. With this repository you keep the vbox7 and kolibka addons always updated.</description>
		<disclaimer lang="en">Some parts of this addon may not be legal in your country of residence - please check with your local laws. The addon "AS IS", will be provided without any warranty.</disclaimer>
		<platform>all</platform>
    </extension>
  </addon>